Bourbon,,,,
Arabica,,,,
Batuai,,,,
Blue Mountain,,,,
Castillo,,,,
Catimar,,,,
Catimore,,,,
Catimore 129,,,,
Catuai,,,,
Caturra,,,,
Centroamericano,,,,
Colombia,,,,
Colombia F8,,,,
Colombia Varietals,,,,
Dega,,,,
Djember,,,,
Ethiopia Landraces,,,,
Ethiopian Heirloom,,,,
F1 Hybrid,,,,
Gemadro,,,,
Heirlooms,,,,
Jackson,,,,
JARC,,,,
Java,,,,
Javanica,,,,
Kudume,,,,
Kume,,,,
Kurume,,,,
Lempira,,,,
Maracaturra,,,,
Marsellesa,,,,
Mibirizi,,,,
Mikicho,,,,
Mondo,,,,
Mundo Nova,,,,
Novo Hybrid,,,,
Obata,,,,
Orange Bourbon,,,,
Pacas,,,,
Pacamara,,,,
Pache,,,,
Paraneima,,,,
Peaberry,,,,
Pluma,,,,
Red Bourbon,,,,
Red Catuai,,,,
Red Caturra,,,,
Red Pacamara,,,,
Red Typica,,,,
Robusta,,,,
Ruiru 11,,,,
Ruiru 11 AA,,,,
San Isidro 27,,,,
Setami,,,,
SL28,,,,
SL34,,,,
SL28 Cultivar,,,,
Tabi,,,,
Timor Hybrid,,,,
Typica,,,,
Typica Linie S,,,,
Typica Pluma,,,,
Venecia,,,,
Villa Sarchi,,,,
Wolicho,,,,
Yellow Bourbon,,,,
Yellow Caturra,,,,
Yellow Pacamara,,,,
,,,,
,,,,
,,,,
,,,,
,,,,
,,,,
,,,,
,,,,
,,,,
,,,,
,,,,
,,,,
